<?xml version="1.0" encoding="utf-8"?>
<Package xmlns="http://schemas.microsoft.com/appx/manifest/foundation/windows10" 
         xmlns:uap="http://schemas.microsoft.com/appx/manifest/uap/windows10" 
         xmlns:uap2="http://schemas.microsoft.com/appx/manifest/uap/windows10/2" 
         xmlns:uap3="http://schemas.microsoft.com/appx/manifest/uap/windows10/3" 
         xmlns:uap4="http://schemas.microsoft.com/appx/manifest/uap/windows10/4" 
         xmlns:uap6="http://schemas.microsoft.com/appx/manifest/uap/windows10/6" 
         xmlns:uap7="http://schemas.microsoft.com/appx/manifest/uap/windows10/7" 
         xmlns:uap8="http://schemas.microsoft.com/appx/manifest/uap/windows10/8" 
         xmlns:uap10="http://schemas.microsoft.com/appx/manifest/uap/windows10/10" 
         xmlns:iot="http://schemas.microsoft.com/appx/manifest/iot/windows10" 
         xmlns:desktop="http://schemas.microsoft.com/appx/manifest/desktop/windows10" 
         xmlns:desktop2="http://schemas.microsoft.com/appx/manifest/desktop/windows10/2" 
         xmlns:desktop6="http://schemas.microsoft.com/appx/manifest/desktop/windows10/6" 
         xmlns:rescap="http://schemas.microsoft.com/appx/manifest/foundation/windows10/restrictedcapabilities" 
         xmlns:rescap3="http://schemas.microsoft.com/appx/manifest/foundation/windows10/restrictedcapabilities/3" 
         xmlns:rescap6="http://schemas.microsoft.com/appx/manifest/foundation/windows10/restrictedcapabilities/6" 
         xmlns:com="http://schemas.microsoft.com/appx/manifest/com/windows10" 
         xmlns:com2="http://schemas.microsoft.com/appx/manifest/com/windows10/2" 
         xmlns:com3="http://schemas.microsoft.com/appx/manifest/com/windows10/3">
  <Identity Name="com.flutter.onpc" Version="2.10.4.0"
            Publisher="CN=Msix Testing, O=Msix Testing Corporation, C=US" ProcessorArchitecture="x64" />
  <Properties>
    <DisplayName>Enhanced Controller for Onkyo/Pioneer</DisplayName>
    <PublisherDisplayName>Mikhail Kulesh</PublisherDisplayName>
    <Logo>icons/app_icon_512.png</Logo>
    <Description>Enhanced Controller for Onkyo/Pioneer</Description>
  </Properties>
  <Resources>
    <Resource Language="en-us" />
  </Resources>
  <Dependencies>
    <TargetDeviceFamily Name="Windows.Desktop" MinVersion="10.0.17763.0" MaxVersionTested="10.0.19042.630" />
  </Dependencies>
  <Capabilities>
    <rescap:Capability Name="runFullTrust" />
    <Capability Name="internetClient" />
  </Capabilities>
  <Applications>
    <Application Id="onpc" Executable="music_control.exe" EntryPoint="Windows.FullTrustApplication">
      <uap:VisualElements BackgroundColor="transparent"
        DisplayName="Enhanced Controller for Onkyo/Pioneer" Square150x150Logo="icons/app_icon_512.png"
        Square44x44Logo="icons/app_icon_512.png" Description="Enhanced Controller for Onkyo/Pioneer" >
        <uap:DefaultTile ShortName="Enhanced Controller for Onkyo/Pioneer" Square310x310Logo="icons/app_icon_512.png"
        Square71x71Logo="icons/app_icon_512.png" Wide310x150Logo="icons/app_icon_512.png">
          <uap:ShowNameOnTiles>
            <uap:ShowOn Tile="square150x150Logo"/>
            <uap:ShowOn Tile="square310x310Logo"/>
            <uap:ShowOn Tile="wide310x150Logo"/>
          </uap:ShowNameOnTiles>
        </uap:DefaultTile>
        <uap:SplashScreen Image="icons/app_icon_512.png"/>
        <uap:LockScreen BadgeLogo="icons/app_icon_512.png" Notification="badge"/>
      </uap:VisualElements>
    </Application>
  </Applications>
</Package>