{"lib/assets/app_icon.png":["lib/assets/app_icon.png"],"lib/assets/buttons/cd_eject.svg":["lib/assets/buttons/cd_eject.svg"],"lib/assets/buttons/cmd_delete.svg":["lib/assets/buttons/cmd_delete.svg"],"lib/assets/buttons/cmd_down.svg":["lib/assets/buttons/cmd_down.svg"],"lib/assets/buttons/cmd_fast_backward.svg":["lib/assets/buttons/cmd_fast_backward.svg"],"lib/assets/buttons/cmd_fast_forward.svg":["lib/assets/buttons/cmd_fast_forward.svg"],"lib/assets/buttons/cmd_firmware_update.svg":["lib/assets/buttons/cmd_firmware_update.svg"],"lib/assets/buttons/cmd_friendly_name.svg":["lib/assets/buttons/cmd_friendly_name.svg"],"lib/assets/buttons/cmd_home.svg":["lib/assets/buttons/cmd_home.svg"],"lib/assets/buttons/cmd_left.svg":["lib/assets/buttons/cmd_left.svg"],"lib/assets/buttons/cmd_multiroom_channel.svg":["lib/assets/buttons/cmd_multiroom_channel.svg"],"lib/assets/buttons/cmd_multiroom_group.svg":["lib/assets/buttons/cmd_multiroom_group.svg"],"lib/assets/buttons/cmd_next.svg":["lib/assets/buttons/cmd_next.svg"],"lib/assets/buttons/cmd_pause.svg":["lib/assets/buttons/cmd_pause.svg"],"lib/assets/buttons/cmd_play.svg":["lib/assets/buttons/cmd_play.svg"],"lib/assets/buttons/cmd_previous.svg":["lib/assets/buttons/cmd_previous.svg"],"lib/assets/buttons/cmd_quick_menu.svg":["lib/assets/buttons/cmd_quick_menu.svg"],"lib/assets/buttons/cmd_random.svg":["lib/assets/buttons/cmd_random.svg"],"lib/assets/buttons/cmd_rds_info.svg":["lib/assets/buttons/cmd_rds_info.svg"],"lib/assets/buttons/cmd_return.svg":["lib/assets/buttons/cmd_return.svg"],"lib/assets/buttons/cmd_right.svg":["lib/assets/buttons/cmd_right.svg"],"lib/assets/buttons/cmd_select.svg":["lib/assets/buttons/cmd_select.svg"],"lib/assets/buttons/cmd_setup.svg":["lib/assets/buttons/cmd_setup.svg"],"lib/assets/buttons/cmd_sort.svg":["lib/assets/buttons/cmd_sort.svg"],"lib/assets/buttons/cmd_stop.svg":["lib/assets/buttons/cmd_stop.svg"],"lib/assets/buttons/cmd_top.svg":["lib/assets/buttons/cmd_top.svg"],"lib/assets/buttons/cmd_track_menu.svg":["lib/assets/buttons/cmd_track_menu.svg"],"lib/assets/buttons/cmd_up.svg":["lib/assets/buttons/cmd_up.svg"],"lib/assets/buttons/drawer_about.svg":["lib/assets/buttons/drawer_about.svg"],"lib/assets/buttons/drawer_app_settings.svg":["lib/assets/buttons/drawer_app_settings.svg"],"lib/assets/buttons/drawer_connect.svg":["lib/assets/buttons/drawer_connect.svg"],"lib/assets/buttons/drawer_edit_item.svg":["lib/assets/buttons/drawer_edit_item.svg"],"lib/assets/buttons/drawer_favorite_device.svg":["lib/assets/buttons/drawer_favorite_device.svg"],"lib/assets/buttons/drawer_favorite_shortcut.svg":["lib/assets/buttons/drawer_favorite_shortcut.svg"],"lib/assets/buttons/drawer_found_device.svg":["lib/assets/buttons/drawer_found_device.svg"],"lib/assets/buttons/drawer_search.svg":["lib/assets/buttons/drawer_search.svg"],"lib/assets/buttons/drawer_tab_layout.svg":["lib/assets/buttons/drawer_tab_layout.svg"],"lib/assets/buttons/drawer_zone_1.svg":["lib/assets/buttons/drawer_zone_1.svg"],"lib/assets/buttons/drawer_zone_2.svg":["lib/assets/buttons/drawer_zone_2.svg"],"lib/assets/buttons/drawer_zone_3.svg":["lib/assets/buttons/drawer_zone_3.svg"],"lib/assets/buttons/drawer_zone_4.svg":["lib/assets/buttons/drawer_zone_4.svg"],"lib/assets/buttons/equalizer.svg":["lib/assets/buttons/equalizer.svg"],"lib/assets/buttons/feed_ban.svg":["lib/assets/buttons/feed_ban.svg"],"lib/assets/buttons/feed_dont_like.svg":["lib/assets/buttons/feed_dont_like.svg"],"lib/assets/buttons/feed_like.svg":["lib/assets/buttons/feed_like.svg"],"lib/assets/buttons/feed_love.svg":["lib/assets/buttons/feed_love.svg"],"lib/assets/buttons/input_selector_down.svg":["lib/assets/buttons/input_selector_down.svg"],"lib/assets/buttons/input_selector_up.svg":["lib/assets/buttons/input_selector_up.svg"],"lib/assets/buttons/media_item_airplay.svg":["lib/assets/buttons/media_item_airplay.svg"],"lib/assets/buttons/media_item_amazon.svg":["lib/assets/buttons/media_item_amazon.svg"],"lib/assets/buttons/media_item_aux.svg":["lib/assets/buttons/media_item_aux.svg"],"lib/assets/buttons/media_item_bluetooth.svg":["lib/assets/buttons/media_item_bluetooth.svg"],"lib/assets/buttons/media_item_chromecast.svg":["lib/assets/buttons/media_item_chromecast.svg"],"lib/assets/buttons/media_item_deezer.svg":["lib/assets/buttons/media_item_deezer.svg"],"lib/assets/buttons/media_item_disc_player.svg":["lib/assets/buttons/media_item_disc_player.svg"],"lib/assets/buttons/media_item_favorite.svg":["lib/assets/buttons/media_item_favorite.svg"],"lib/assets/buttons/media_item_filter.svg":["lib/assets/buttons/media_item_filter.svg"],"lib/assets/buttons/media_item_flare_connect.svg":["lib/assets/buttons/media_item_flare_connect.svg"],"lib/assets/buttons/media_item_folder.svg":["lib/assets/buttons/media_item_folder.svg"],"lib/assets/buttons/media_item_lastfm.svg":["lib/assets/buttons/media_item_lastfm.svg"],"lib/assets/buttons/media_item_media_server.svg":["lib/assets/buttons/media_item_media_server.svg"],"lib/assets/buttons/media_item_music.svg":["lib/assets/buttons/media_item_music.svg"],"lib/assets/buttons/media_item_net.svg":["lib/assets/buttons/media_item_net.svg"],"lib/assets/buttons/media_item_pandora.svg":["lib/assets/buttons/media_item_pandora.svg"],"lib/assets/buttons/media_item_play.svg":["lib/assets/buttons/media_item_play.svg"],"lib/assets/buttons/media_item_play_fi.svg":["lib/assets/buttons/media_item_play_fi.svg"],"lib/assets/buttons/media_item_playqueue.svg":["lib/assets/buttons/media_item_playqueue.svg"],"lib/assets/buttons/media_item_radio.svg":["lib/assets/buttons/media_item_radio.svg"],"lib/assets/buttons/media_item_radio_am.svg":["lib/assets/buttons/media_item_radio_am.svg"],"lib/assets/buttons/media_item_radio_dab.svg":["lib/assets/buttons/media_item_radio_dab.svg"],"lib/assets/buttons/media_item_radio_digital.svg":["lib/assets/buttons/media_item_radio_digital.svg"],"lib/assets/buttons/media_item_radio_fm.svg":["lib/assets/buttons/media_item_radio_fm.svg"],"lib/assets/buttons/media_item_search.svg":["lib/assets/buttons/media_item_search.svg"],"lib/assets/buttons/media_item_spotify.svg":["lib/assets/buttons/media_item_spotify.svg"],"lib/assets/buttons/media_item_tape.svg":["lib/assets/buttons/media_item_tape.svg"],"lib/assets/buttons/media_item_tidal.svg":["lib/assets/buttons/media_item_tidal.svg"],"lib/assets/buttons/media_item_toslink.svg":["lib/assets/buttons/media_item_toslink.svg"],"lib/assets/buttons/media_item_tunein.svg":["lib/assets/buttons/media_item_tunein.svg"],"lib/assets/buttons/media_item_tv.svg":["lib/assets/buttons/media_item_tv.svg"],"lib/assets/buttons/media_item_unknown.svg":["lib/assets/buttons/media_item_unknown.svg"],"lib/assets/buttons/media_item_usb.svg":["lib/assets/buttons/media_item_usb.svg"],"lib/assets/buttons/menu_power_standby.svg":["lib/assets/buttons/menu_power_standby.svg"],"lib/assets/buttons/multiroom_device_0.svg":["lib/assets/buttons/multiroom_device_0.svg"],"lib/assets/buttons/multiroom_device_1.svg":["lib/assets/buttons/multiroom_device_1.svg"],"lib/assets/buttons/multiroom_device_2.svg":["lib/assets/buttons/multiroom_device_2.svg"],"lib/assets/buttons/multiroom_device_3.svg":["lib/assets/buttons/multiroom_device_3.svg"],"lib/assets/buttons/multiroom_device_4.svg":["lib/assets/buttons/multiroom_device_4.svg"],"lib/assets/buttons/multiroom_device_5.svg":["lib/assets/buttons/multiroom_device_5.svg"],"lib/assets/buttons/numeric_0.svg":["lib/assets/buttons/numeric_0.svg"],"lib/assets/buttons/numeric_1.svg":["lib/assets/buttons/numeric_1.svg"],"lib/assets/buttons/numeric_2.svg":["lib/assets/buttons/numeric_2.svg"],"lib/assets/buttons/numeric_3.svg":["lib/assets/buttons/numeric_3.svg"],"lib/assets/buttons/numeric_4.svg":["lib/assets/buttons/numeric_4.svg"],"lib/assets/buttons/numeric_5.svg":["lib/assets/buttons/numeric_5.svg"],"lib/assets/buttons/numeric_6.svg":["lib/assets/buttons/numeric_6.svg"],"lib/assets/buttons/numeric_7.svg":["lib/assets/buttons/numeric_7.svg"],"lib/assets/buttons/numeric_8.svg":["lib/assets/buttons/numeric_8.svg"],"lib/assets/buttons/numeric_9.svg":["lib/assets/buttons/numeric_9.svg"],"lib/assets/buttons/numeric_clean.svg":["lib/assets/buttons/numeric_clean.svg"],"lib/assets/buttons/numeric_greater_9.svg":["lib/assets/buttons/numeric_greater_9.svg"],"lib/assets/buttons/numeric_negative_1.svg":["lib/assets/buttons/numeric_negative_1.svg"],"lib/assets/buttons/numeric_positive_1.svg":["lib/assets/buttons/numeric_positive_1.svg"],"lib/assets/buttons/pref_advanced_queue.svg":["lib/assets/buttons/pref_advanced_queue.svg"],"lib/assets/buttons/pref_app_theme.svg":["lib/assets/buttons/pref_app_theme.svg"],"lib/assets/buttons/pref_auto_power.svg":["lib/assets/buttons/pref_auto_power.svg"],"lib/assets/buttons/pref_developer_mode.svg":["lib/assets/buttons/pref_developer_mode.svg"],"lib/assets/buttons/pref_device_selectors.svg":["lib/assets/buttons/pref_device_selectors.svg"],"lib/assets/buttons/pref_exit_confirm.svg":["lib/assets/buttons/pref_exit_confirm.svg"],"lib/assets/buttons/pref_friendly_name.svg":["lib/assets/buttons/pref_friendly_name.svg"],"lib/assets/buttons/pref_keep_screen_on.svg":["lib/assets/buttons/pref_keep_screen_on.svg"],"lib/assets/buttons/pref_language.svg":["lib/assets/buttons/pref_language.svg"],"lib/assets/buttons/pref_listening_modes.svg":["lib/assets/buttons/pref_listening_modes.svg"],"lib/assets/buttons/pref_network_services.svg":["lib/assets/buttons/pref_network_services.svg"],"lib/assets/buttons/pref_ri_amplifier.svg":["lib/assets/buttons/pref_ri_amplifier.svg"],"lib/assets/buttons/pref_ri_disc_player.svg":["lib/assets/buttons/pref_ri_disc_player.svg"],"lib/assets/buttons/pref_sound_control.svg":["lib/assets/buttons/pref_sound_control.svg"],"lib/assets/buttons/pref_text_size.svg":["lib/assets/buttons/pref_text_size.svg"],"lib/assets/buttons/pref_usb_ri_interface.svg":["lib/assets/buttons/pref_usb_ri_interface.svg"],"lib/assets/buttons/pref_visible_tabs.svg":["lib/assets/buttons/pref_visible_tabs.svg"],"lib/assets/buttons/pref_volume_keys.svg":["lib/assets/buttons/pref_volume_keys.svg"],"lib/assets/buttons/pref_widget_theme.svg":["lib/assets/buttons/pref_widget_theme.svg"],"lib/assets/buttons/repeat_all.svg":["lib/assets/buttons/repeat_all.svg"],"lib/assets/buttons/repeat_folder.svg":["lib/assets/buttons/repeat_folder.svg"],"lib/assets/buttons/repeat_off.svg":["lib/assets/buttons/repeat_off.svg"],"lib/assets/buttons/repeat_once.svg":["lib/assets/buttons/repeat_once.svg"],"lib/assets/buttons/volume_amp_down.svg":["lib/assets/buttons/volume_amp_down.svg"],"lib/assets/buttons/volume_amp_muting.svg":["lib/assets/buttons/volume_amp_muting.svg"],"lib/assets/buttons/volume_amp_up.svg":["lib/assets/buttons/volume_amp_up.svg"],"lib/assets/buttons/volume_audio_control.svg":["lib/assets/buttons/volume_audio_control.svg"],"lib/assets/buttons/volume_max_limit.svg":["lib/assets/buttons/volume_max_limit.svg"],"lib/assets/buttons/wrap_around.svg":["lib/assets/buttons/wrap_around.svg"],"lib/assets/drawer_header.svg":["lib/assets/drawer_header.svg"],"lib/assets/empty_cover.svg":["lib/assets/empty_cover.svg"],"lib/assets/ri/A-9000R(B).png":["lib/assets/ri/A-9000R(B).png"],"lib/assets/ri/A-9000R(S).png":["lib/assets/ri/A-9000R(S).png"],"lib/assets/ri/A-9010.png":["lib/assets/ri/A-9010.png"],"lib/assets/ri/A-9110.png":["lib/assets/ri/A-9110.png"],"lib/assets/ri/A-9130.png":["lib/assets/ri/A-9130.png"],"lib/assets/ri/A-9150.png":["lib/assets/ri/A-9150.png"],"lib/assets/ri/C-7000(B).png":["lib/assets/ri/C-7000(B).png"],"lib/assets/ri/C-7000(S).png":["lib/assets/ri/C-7000(S).png"],"lib/assets/ri/C-7030.png":["lib/assets/ri/C-7030.png"],"lib/assets/ri/DX-C390.png":["lib/assets/ri/DX-C390.png"],"lib/assets/ri/MD-2321.png":["lib/assets/ri/MD-2321.png"],"lib/assets/ri/P-3000R.png":["lib/assets/ri/P-3000R.png"],"lib/assets/ri/TA-6511.png":["lib/assets/ri/TA-6511.png"],"lib/assets/ri/commands.xml":["lib/assets/ri/commands.xml"],"lib/assets/timer_sand.svg":["lib/assets/timer_sand.svg"],"packages/flutter_markdown/assets/logo.png":["packages/flutter_markdown/assets/logo.png"]}